{
	"image": "lady_bug_panel@2x.png",
	"config": "lady_bug_panel@2x.plist",
	"stageHeight": 400,
	"stageWidth": 550,
	"version": 1,
	"groups": {
		"ui_buttons/ui_button_close_brown": [
			{
				"x": -43,
				"y": -43,
				"width": 86,
				"height": 86,
				"scaleX": 2.866668701171875,
				"scaleY": 2.866668701171875,
				"skewX": 0,
				"skewY": 0,
				"rotation": 0,
				"index": 0,
				"id": "hit_area",
				"image": "ui_buttons/button_common/ui_button_close_rect",
				"type": 0,
				"scalingGrid": false
			},
			{
				"x": -16,
				"y": -16,
				"width": 34.15,
				"height": 34.1,
				"scaleX": 1,
				"scaleY": 1,
				"skewX": 0,
				"skewY": 0,
				"rotation": 0,
				"index": 1,
				"id": "_bg",
				"image": "ui_buttons/close_brown/ui_button_close_panel_brown_shape",
				"type": 0,
				"scalingGrid": false
			}
		],
		"day1": [
			{
				"x": 0,
				"y": 48,
				"width": 70.65,
				"height": 70.65,
				"scaleX": 0.999725341796875,
				"scaleY": 0.999725341796875,
				"skewX": -44.99913024902344,
				"skewY": -44.99913024902344,
				"rotation": -44.99913024902344,
				"index": 0,
				"id": "Layer 1",
				"image": "day1jfidahfe",
				"type": 0,
				"scalingGrid": false
			}
		],
		"day2": [
			{
				"x": 0,
				"y": 48,
				"width": 70.7,
				"height": 70.65,
				"scaleX": 0.99981689453125,
				"scaleY": 0.99981689453125,
				"skewX": -44.99913024902344,
				"skewY": -44.99913024902344,
				"rotation": -44.99913024902344,
				"index": 0,
				"id": "Layer 1",
				"image": "day2jfdioajef",
				"type": 0,
				"scalingGrid": false
			}
		],
		"day3": [
			{
				"x": 0,
				"y": 48,
				"width": 70.7,
				"height": 70.65,
				"scaleX": 0.99981689453125,
				"scaleY": 0.99981689453125,
				"skewX": -44.99913024902344,
				"skewY": -44.99913024902344,
				"rotation": -44.99913024902344,
				"index": 0,
				"id": "Layer 1",
				"image": "day3jfadiojfe",
				"type": 0,
				"scalingGrid": false
			}
		],
		"day4": [
			{
				"x": 0,
				"y": 48,
				"width": 70.7,
				"height": 70.65,
				"scaleX": 0.99981689453125,
				"scaleY": 0.99981689453125,
				"skewX": -44.99913024902344,
				"skewY": -44.99913024902344,
				"rotation": -44.99913024902344,
				"index": 0,
				"id": "Layer 1",
				"image": "day4fjaioj3r2",
				"type": 0,
				"scalingGrid": false
			}
		],
		"day5": [
			{
				"x": 0,
				"y": 48,
				"width": 70.7,
				"height": 70.65,
				"scaleX": 0.99981689453125,
				"scaleY": 0.99981689453125,
				"skewX": -44.99913024902344,
				"skewY": -44.99913024902344,
				"rotation": -44.99913024902344,
				"index": 0,
				"id": "Layer 1",
				"image": "day5fjei398",
				"type": 0,
				"scalingGrid": false
			}
		],
		"day6": [
			{
				"x": 0,
				"y": 48,
				"width": 70.65,
				"height": 70.65,
				"scaleX": 0.999755859375,
				"scaleY": 0.999755859375,
				"skewX": -45,
				"skewY": -45,
				"rotation": -45,
				"index": 0,
				"id": "Layer 1",
				"image": "day66nnn",
				"type": 0,
				"scalingGrid": false
			}
		],
		"day7": [
			{
				"x": 0,
				"y": 48,
				"width": 70.65,
				"height": 70.65,
				"scaleX": 0.999755859375,
				"scaleY": 0.999755859375,
				"skewX": -45,
				"skewY": -45,
				"rotation": -45,
				"index": 0,
				"id": "Layer 1",
				"image": "day7jio234u489",
				"type": 0,
				"scalingGrid": false
			}
		],
		"ladybug_panel_content": [
			{
				"x": 0,
				"y": 0,
				"width": 369.95,
				"height": 103.1,
				"scaleX": 1,
				"scaleY": 1,
				"skewX": 0,
				"skewY": 0,
				"rotation": 0,
				"lineType": "single line",
				"maxCharacters": 0,
				"textType": "static",
				"face": "微软雅黑",
				"size": 24,
				"fillColor": "#351119",
				"alignment": "left",
				"letterSpacing": 0,
				"index": 0,
				"id": "txt",
				"type": 1
			},
			{
				"x": 476,
				"y": 49,
				"width": 227.2,
				"height": 100,
				"scaleX": 1,
				"scaleY": 1,
				"skewX": 0,
				"skewY": 0,
				"rotation": 0,
				"index": 1,
				"id": "btn",
				"image": "ui_buttons/ui_button_label",
				"type": 2,
				"scalingGrid": false
			}
		],
		"ui_buttons/ui_button_label": [
			{
				"x": -88.1,
				"y": -42.8,
				"width": 226.8,
				"height": 94,
				"scaleX": 28.34930419921875,
				"scaleY": 11.749771118164062,
				"skewX": 0,
				"skewY": 0,
				"rotation": 0,
				"index": 0,
				"id": "hit_area",
				"image": "ui_commons/ui_fontsize_rect",
				"type": 0,
				"scalingGrid": false
			},
			{
				"x": -86,
				"y": -29,
				"width": 221.8,
				"height": 80,
				"scaleX": 0.775604248046875,
				"scaleY": 0.64501953125,
				"skewX": 0,
				"skewY": 0,
				"rotation": 0,
				"index": 1,
				"id": "_shadow",
				"image": "ui_buttons/button_common/ui_button_shadow",
				"type": 0,
				"scalingGrid": false
			},
			{
				"x": -87,
				"y": -46,
				"width": 227.1,
				"height": 100,
				"scaleX": 0.860137939453125,
				"scaleY": 0.78143310546875,
				"skewX": 0,
				"skewY": 0,
				"rotation": 0,
				"index": 2,
				"id": "background",
				"image": "ui_scale9/ui_button_green_scale9",
				"type": 0,
				"scalingGrid": false
			},
			{
				"x": -60.85,
				"y": -25,
				"width": 166.3,
				"height": 51.5,
				"scaleX": 20.786666870117188,
				"scaleY": 6.4372406005859375,
				"skewX": 0,
				"skewY": 0,
				"rotation": 0,
				"index": 3,
				"id": "labelSize",
				"image": "ui_commons/ui_fontsize_rect",
				"type": 0,
				"scalingGrid": false
			},
			{
				"x": -60.35,
				"y": -20.85,
				"width": 162.1,
				"height": 43.6,
				"scaleX": 1,
				"scaleY": 1,
				"skewX": 0,
				"skewY": 0,
				"rotation": 0,
				"lineType": "single line",
				"maxCharacters": 0,
				"textType": "dynamic",
				"face": "微软雅黑",
				"size": 30,
				"fillColor": "#ffffff",
				"alignment": "center",
				"letterSpacing": 0,
				"index": 4,
				"id": "label",
				"type": 1
			}
		],
		"ladybug_panel_tip": [
			{
				"x": 17,
				"y": 0,
				"width": 341,
				"height": 119,
				"scaleX": 1,
				"scaleY": 1,
				"skewX": 0,
				"skewY": 0,
				"rotation": 0,
				"lineType": "single line",
				"maxCharacters": 0,
				"textType": "static",
				"face": "微软雅黑",
				"size": 28,
				"fillColor": "#ffffff",
				"alignment": "left",
				"letterSpacing": 0,
				"index": 0,
				"id": "txt",
				"type": 1
			},
			{
				"x": 476,
				"y": 49,
				"width": 227.95,
				"height": 100,
				"scaleX": 1,
				"scaleY": 1,
				"skewX": 0,
				"skewY": 0,
				"rotation": 0,
				"index": 1,
				"id": "btn",
				"image": "ui_buttons/ui_button_label",
				"type": 2,
				"scalingGrid": false
			}
		],
		"ladyBugPanel": [
			{
				"x": 0,
				"y": 73.1,
				"width": 688.05,
				"height": 843,
				"scaleX": 6.5526885986328125,
				"scaleY": 8.0284423828125,
				"skewX": 0,
				"skewY": 0,
				"rotation": 0,
				"index": 0,
				"id": "_greenScale9",
				"image": "ui_scale9/ui_brown_withoutborder_scale9",
				"type": 0,
				"scalingGrid": true
			},
			{
				"x": 3,
				"y": 0,
				"width": 221,
				"height": 265,
				"scaleX": 1,
				"scaleY": 1,
				"skewX": 0,
				"skewY": 0,
				"rotation": 0,
				"index": 1,
				"id": "_ladyBug",
				"image": "ladyBugIcon",
				"type": 0,
				"scalingGrid": false
			},
			{
				"x": 18.95,
				"y": 160.05,
				"width": 650.05,
				"height": 740,
				"scaleX": 8.667221069335938,
				"scaleY": 9.866668701171875,
				"skewX": 0,
				"skewY": 0,
				"rotation": 0,
				"index": 2,
				"id": "maskBg",
				"image": "ui_scale9/ui_yellow_withoutborder_scale9",
				"type": 0,
				"scalingGrid": true
			},
			{
				"x": 642,
				"y": 117,
				"width": 86,
				"height": 86,
				"scaleX": 1,
				"scaleY": 1,
				"skewX": 0,
				"skewY": 0,
				"rotation": 0,
				"index": 3,
				"id": "closePanelBtn",
				"image": "ui_buttons/ui_button_close_brown",
				"type": 2,
				"scalingGrid": false
			},
			{
				"x": 214,
				"y": 48.35,
				"width": 282,
				"height": 77.65,
				"scaleX": 0.9999847412109375,
				"scaleY": 0.9999847412109375,
				"skewX": 0,
				"skewY": 0,
				"rotation": 0,
				"lineType": "single line",
				"maxCharacters": 0,
				"textType": "dynamic",
				"face": "Lucida Bright",